{
  "_fv": 13,
  "_type": "recipe",
  "definition": {
    "recipeType": "Crafting",
    "xpReward": 0.0,
    "cookingTime": 200,
    "recipeRetstackSize": 1,
    "group": "",
    "recipeShapeless": false,
    "recipeSlots": [
      {
        "value": "Blocks.PLANKS#4"
      },
      {
        "value": "Blocks.PLANKS#4"
      },
      {
        "value": "Blocks.PLANKS#4"
      },
      {
        "value": "Blocks.PLANKS#4"
      },
      {
        "value": ""
      },
      {
        "value": "Blocks.PLANKS#4"
      },
      {
        "value": "Blocks.PLANKS#4"
      },
      {
        "value": ""
      },
      {
        "value": "Blocks.PLANKS#4"
      }
    ],
    "recipeReturnStack": {
      "value": "CUSTOM:AcaciaArmor.legs"
    },
    "name": "acacia_legs",
    "namespace": "mod"
  }
}