{
  "_fv": 13,
  "_type": "tool",
  "definition": {
    "renderType": 0,
    "texture": "emerald_sword",
    "customModelName": "Normal",
    "name": "Emerald Sword",
    "specialInfo": [],
    "creativeTab": {
      "value": "CUSTOM:ExtraArmor"
    },
    "toolType": "Sword",
    "harvestLevel": 1,
    "efficiency": 9.0,
    "attackSpeed": 2.0,
    "enchantability": 13,
    "damageVsEntity": 4.0,
    "usageCount": 280,
    "blocksAffected": [],
    "hasGlow": false,
    "repairItems": [
      {
        "value": "Items.EMERALD"
      }
    ],
    "stayInGridWhenCrafting": false,
    "damageOnCrafting": false
  }
}