{
  "_fv": 13,
  "_type": "armor",
  "definition": {
    "enableHelmet": true,
    "textureHelmet": "emerald_helmet",
    "enableBody": true,
    "textureBody": "emerald_chestplate",
    "enableLeggings": true,
    "textureLeggings": "emerald_leggings",
    "enableBoots": true,
    "textureBoots": "emerald_boots",
    "creativeTab": {
      "value": "CUSTOM:ExtraArmor"
    },
    "armorTextureFile": "emerald_",
    "helmetName": "Emerald Helmet",
    "bodyName": "Emerald Body",
    "leggingsName": "Emerald Leggings",
    "bootsName": "Emerald Boots",
    "helmetSpecialInfo": [],
    "bodySpecialInfo": [],
    "leggingsSpecialInfo": [],
    "bootsSpecialInfo": [],
    "helmetModelName": "Default",
    "helmetModelPart": "Helmet",
    "helmetModelTexture": "From armor",
    "bodyModelName": "Default",
    "bodyModelPart": "Body",
    "armsModelPartL": "Arms L",
    "armsModelPartR": "Arms R",
    "bodyModelTexture": "From armor",
    "leggingsModelName": "Default",
    "leggingsModelPartL": "Leggings L",
    "leggingsModelPartR": "Leggings R",
    "leggingsModelTexture": "From armor",
    "bootsModelName": "Default",
    "bootsModelPartL": "Boots L",
    "bootsModelPartR": "Boots R",
    "bootsModelTexture": "From armor",
    "maxDamage": 25,
    "damageValueHelmet": 3,
    "damageValueBody": 6,
    "damageValueLeggings": 5,
    "damageValueBoots": 2,
    "enchantability": 17,
    "toughness": 1.5,
    "equipSound": {
      "value": "item.armor.equip_iron"
    },
    "repairItems": [
      {
        "value": "Items.EMERALD"
      }
    ]
  }
}