{
  "_fv": 13,
  "_type": "item",
  "definition": {
    "renderType": 0,
    "texture": "logo",
    "customModelName": "Normal",
    "name": "LOGO",
    "rarity": "EPIC",
    "creativeTab": {
      "value": "No creative tab entry"
    },
    "stackSize": 0,
    "enchantability": 0,
    "useDuration": 0,
    "toolType": 0.0,
    "damageCount": 0,
    "recipeRemainder": {
      "value": ""
    },
    "destroyAnyBlock": false,
    "stayInGridWhenCrafting": false,
    "damageOnCrafting": false,
    "enableMeleeDamage": false,
    "damageVsEntity": 0.0,
    "specialInfo": [],
    "hasGlow": false,
    "guiBoundTo": "<NONE>",
    "inventorySize": 0,
    "inventoryStackSize": 64
  }
}