{
  "_fv": 13,
  "_type": "armor",
  "definition": {
    "enableHelmet": true,
    "textureHelmet": "mega_helmet",
    "enableBody": true,
    "textureBody": "mega_chestplate",
    "enableLeggings": true,
    "textureLeggings": "mega_leggings",
    "enableBoots": true,
    "textureBoots": "mega_boots",
    "onHelmetTick": {
      "name": "MegmaArmorHelmetTickEvent"
    },
    "creativeTab": {
      "value": "CUSTOM:ExtraArmor"
    },
    "armorTextureFile": "magma_",
    "helmetName": "Magma Armor Helmet",
    "bodyName": "Magma Armor Body",
    "leggingsName": "Magma Armor Leggings",
    "bootsName": "Magma Armor Boots",
    "helmetSpecialInfo": [],
    "bodySpecialInfo": [],
    "leggingsSpecialInfo": [],
    "bootsSpecialInfo": [],
    "helmetModelName": "Default",
    "helmetModelPart": "Helmet",
    "helmetModelTexture": "From armor",
    "bodyModelName": "Default",
    "bodyModelPart": "Body",
    "armsModelPartL": "Arms L",
    "armsModelPartR": "Arms R",
    "bodyModelTexture": "From armor",
    "leggingsModelName": "Default",
    "leggingsModelPartL": "Leggings L",
    "leggingsModelPartR": "Leggings R",
    "leggingsModelTexture": "From armor",
    "bootsModelName": "Default",
    "bootsModelPartL": "Boots L",
    "bootsModelPartR": "Boots R",
    "bootsModelTexture": "From armor",
    "maxDamage": 25,
    "damageValueHelmet": 2,
    "damageValueBody": 5,
    "damageValueLeggings": 5,
    "damageValueBoots": 3,
    "enchantability": 12,
    "toughness": 0.0,
    "equipSound": {
      "value": "item.armor.equip_chain"
    },
    "repairItems": []
  }
}