{
  "_fv": 13,
  "_type": "armor",
  "definition": {
    "enableHelmet": true,
    "textureHelmet": "netherite_helmet",
    "enableBody": true,
    "textureBody": "netherite_chestplate",
    "enableLeggings": true,
    "textureLeggings": "netherite_leggings",
    "enableBoots": true,
    "textureBoots": "netherite_boots",
    "creativeTab": {
      "value": "CUSTOM:ExtraArmor"
    },
    "armorTextureFile": "netherite_",
    "helmetName": "Netherite Helmet",
    "bodyName": "Netherite Body",
    "leggingsName": "Netherite Leggings",
    "bootsName": "Netherite Boots",
    "helmetSpecialInfo": [],
    "bodySpecialInfo": [],
    "leggingsSpecialInfo": [],
    "bootsSpecialInfo": [],
    "helmetModelName": "Default",
    "helmetModelPart": "Helmet",
    "helmetModelTexture": "From armor",
    "bodyModelName": "Default",
    "bodyModelPart": "Body",
    "armsModelPartL": "Arms L",
    "armsModelPartR": "Arms R",
    "bodyModelTexture": "From armor",
    "leggingsModelName": "Default",
    "leggingsModelPartL": "Leggings L",
    "leggingsModelPartR": "Leggings R",
    "leggingsModelTexture": "From armor",
    "bootsModelName": "Default",
    "bootsModelPartL": "Boots L",
    "bootsModelPartR": "Boots R",
    "bootsModelTexture": "From armor",
    "maxDamage": 40,
    "damageValueHelmet": 3,
    "damageValueBody": 6,
    "damageValueLeggings": 6,
    "damageValueBoots": 3,
    "enchantability": 12,
    "toughness": 3.0,
    "equipSound": {
      "value": "item.armor.equip_diamond"
    },
    "repairItems": [
      {
        "value": "CUSTOM:Netheriteingot"
      }
    ]
  }
}