{
  "_fv": 13,
  "_type": "tool",
  "definition": {
    "renderType": 0,
    "texture": "netherite_pickaxe",
    "customModelName": "Normal",
    "name": "Netheritepickaxe",
    "specialInfo": [],
    "creativeTab": {
      "value": "CUSTOM:ExtraArmor"
    },
    "toolType": "Pickaxe",
    "harvestLevel": 3,
    "efficiency": 9.0,
    "attackSpeed": 1.2000000000000002,
    "enchantability": 12,
    "damageVsEntity": 7.199999999999999,
    "usageCount": 100,
    "blocksAffected": [],
    "hasGlow": false,
    "repairItems": [
      {
        "value": "CUSTOM:Netheriteingot"
      }
    ],
    "stayInGridWhenCrafting": false,
    "damageOnCrafting": false
  }
}