{
  "_fv": 13,
  "_type": "tool",
  "definition": {
    "renderType": 0,
    "texture": "netherite_sword",
    "customModelName": "Normal",
    "name": "Netherite Sword",
    "specialInfo": [],
    "creativeTab": {
      "value": "CUSTOM:ExtraArmor"
    },
    "toolType": "Sword",
    "harvestLevel": 1,
    "efficiency": 4.0,
    "attackSpeed": 1.6,
    "enchantability": 2,
    "damageVsEntity": 8.0,
    "usageCount": 2031,
    "blocksAffected": [],
    "hasGlow": false,
    "repairItems": [
      {
        "value": "CUSTOM:Netheriteingot"
      }
    ],
    "stayInGridWhenCrafting": false,
    "damageOnCrafting": false
  }
}