{
  "_fv": 13,
  "_type": "tool",
  "definition": {
    "renderType": 0,
    "texture": "netherite_hoe",
    "customModelName": "Normal",
    "name": "Netheritehoe",
    "specialInfo": [],
    "creativeTab": {
      "value": "CUSTOM:ExtraArmor"
    },
    "toolType": "Hoe",
    "harvestLevel": 3,
    "efficiency": 9.0,
    "attackSpeed": 4.0,
    "enchantability": 12,
    "damageVsEntity": 4.0,
    "usageCount": 2031,
    "blocksAffected": [],
    "hasGlow": false,
    "repairItems": [
      {
        "value": "CUSTOM:Netheriteingot"
      }
    ],
    "stayInGridWhenCrafting": false,
    "damageOnCrafting": false
  }
}