{
  "_fv": 13,
  "_type": "tool",
  "definition": {
    "renderType": 0,
    "texture": "netherite_axe",
    "customModelName": "Normal",
    "name": "Netherite Axe",
    "specialInfo": [],
    "creativeTab": {
      "value": "CUSTOM:ExtraArmor"
    },
    "toolType": "Axe",
    "harvestLevel": 3,
    "efficiency": 8.0,
    "attackSpeed": 1.0,
    "enchantability": 10,
    "damageVsEntity": 4.0,
    "usageCount": 2031,
    "blocksAffected": [],
    "hasGlow": false,
    "repairItems": [],
    "stayInGridWhenCrafting": false,
    "damageOnCrafting": false
  }
}