{
  "_fv": 13,
  "_type": "armor",
  "definition": {
    "enableHelmet": true,
    "textureHelmet": "oak_helmet",
    "enableBody": true,
    "textureBody": "oak_chestplate",
    "enableLeggings": true,
    "textureLeggings": "oak_leggings",
    "enableBoots": true,
    "textureBoots": "oak_boots",
    "creativeTab": {
      "value": "CUSTOM:ExtraArmor"
    },
    "armorTextureFile": "oak_",
    "helmetName": "Oak Helmet",
    "bodyName": "Oak Body",
    "leggingsName": "Oak Leggings",
    "bootsName": "Oak Boots",
    "helmetSpecialInfo": [],
    "bodySpecialInfo": [],
    "leggingsSpecialInfo": [],
    "bootsSpecialInfo": [],
    "helmetModelName": "Default",
    "helmetModelPart": "Helmet",
    "helmetModelTexture": "From armor",
    "bodyModelName": "Default",
    "bodyModelPart": "Body",
    "armsModelPartL": "Arms L",
    "armsModelPartR": "Arms R",
    "bodyModelTexture": "From armor",
    "leggingsModelName": "Default",
    "leggingsModelPartL": "Leggings L",
    "leggingsModelPartR": "Leggings R",
    "leggingsModelTexture": "From armor",
    "bootsModelName": "Default",
    "bootsModelPartL": "Boots L",
    "bootsModelPartR": "Boots R",
    "bootsModelTexture": "From armor",
    "maxDamage": 8,
    "damageValueHelmet": 1,
    "damageValueBody": 3,
    "damageValueLeggings": 2,
    "damageValueBoots": 1,
    "enchantability": 9,
    "toughness": 0.0,
    "equipSound": {
      "value": "item.armor.equip_generic"
    },
    "repairItems": [
      {
        "value": "Blocks.PLANKS#0"
      }
    ]
  }
}