{
  "_fv": 13,
  "_type": "tool",
  "definition": {
    "renderType": 0,
    "texture": "quartz_hoe",
    "customModelName": "Normal",
    "name": "Quartz Hoe",
    "specialInfo": [],
    "creativeTab": {
      "value": "CUSTOM:ExtraArmor"
    },
    "toolType": "Hoe",
    "harvestLevel": 2,
    "efficiency": 4.0,
    "attackSpeed": 1.5,
    "enchantability": 2,
    "damageVsEntity": 4.0,
    "usageCount": 1561,
    "blocksAffected": [],
    "hasGlow": false,
    "repairItems": [
      {
        "value": "Items.QUARTZ"
      }
    ],
    "stayInGridWhenCrafting": false,
    "damageOnCrafting": false
  }
}