{
  "_fv": 13,
  "_type": "tool",
  "definition": {
    "renderType": 0,
    "texture": "quartz_shovel",
    "customModelName": "Normal",
    "name": "Quartz Shovel",
    "specialInfo": [],
    "creativeTab": {
      "value": "CUSTOM:ExtraArmor"
    },
    "toolType": "Spade",
    "harvestLevel": 2,
    "efficiency": 4.0,
    "attackSpeed": 1.5,
    "enchantability": 2,
    "damageVsEntity": 4.0,
    "usageCount": 1561,
    "blocksAffected": [],
    "hasGlow": false,
    "repairItems": [],
    "stayInGridWhenCrafting": false,
    "damageOnCrafting": false
  }
}