{
  "_fv": 13,
  "_type": "armor",
  "definition": {
    "enableHelmet": true,
    "textureHelmet": "quck_helmet",
    "enableBody": true,
    "textureBody": "quck_chestplate",
    "enableLeggings": true,
    "textureLeggings": "quck_leggings",
    "enableBoots": true,
    "textureBoots": "quck_boots",
    "creativeTab": {
      "value": "CUSTOM:ExtraArmor"
    },
    "armorTextureFile": "quacks_",
    "helmetName": "Quartz Helmet",
    "bodyName": "Quartz Body",
    "leggingsName": "Quartz Leggings",
    "bootsName": "Quartz Boots",
    "helmetSpecialInfo": [],
    "bodySpecialInfo": [],
    "leggingsSpecialInfo": [],
    "bootsSpecialInfo": [],
    "helmetModelName": "Default",
    "helmetModelPart": "Helmet",
    "helmetModelTexture": "From armor",
    "bodyModelName": "Default",
    "bodyModelPart": "Body",
    "armsModelPartL": "Arms L",
    "armsModelPartR": "Arms R",
    "bodyModelTexture": "From armor",
    "leggingsModelName": "Default",
    "leggingsModelPartL": "Leggings L",
    "leggingsModelPartR": "Leggings R",
    "leggingsModelTexture": "From armor",
    "bootsModelName": "Default",
    "bootsModelPartL": "Boots L",
    "bootsModelPartR": "Boots R",
    "bootsModelTexture": "From armor",
    "maxDamage": 25,
    "damageValueHelmet": 3,
    "damageValueBody": 5,
    "damageValueLeggings": 5,
    "damageValueBoots": 3,
    "enchantability": 9,
    "toughness": 0.0,
    "equipSound": {
      "value": "item.armor.equip_gold"
    },
    "repairItems": [
      {
        "value": "Items.QUARTZ"
      }
    ]
  }
}