{
  "_fv": 13,
  "_type": "armor",
  "definition": {
    "enableHelmet": true,
    "textureHelmet": "stone_helmet",
    "enableBody": true,
    "textureBody": "stone_chestplate",
    "enableLeggings": true,
    "textureLeggings": "stone_leggings",
    "enableBoots": true,
    "textureBoots": "stone_boots",
    "creativeTab": {
      "value": "CUSTOM:ExtraArmor"
    },
    "armorTextureFile": "stone_",
    "helmetName": "Stone Helmet",
    "bodyName": "Stone Body",
    "leggingsName": "Stone Leggings",
    "bootsName": "Stone Boots",
    "helmetSpecialInfo": [],
    "bodySpecialInfo": [],
    "leggingsSpecialInfo": [],
    "bootsSpecialInfo": [],
    "helmetModelName": "Default",
    "helmetModelPart": "Helmet",
    "helmetModelTexture": "From armor",
    "bodyModelName": "Default",
    "bodyModelPart": "Body",
    "armsModelPartL": "Arms L",
    "armsModelPartR": "Arms R",
    "bodyModelTexture": "From armor",
    "leggingsModelName": "Default",
    "leggingsModelPartL": "Leggings L",
    "leggingsModelPartR": "Leggings R",
    "leggingsModelTexture": "From armor",
    "bootsModelName": "Default",
    "bootsModelPartL": "Boots L",
    "bootsModelPartR": "Boots R",
    "bootsModelTexture": "From armor",
    "maxDamage": 25,
    "damageValueHelmet": 2,
    "damageValueBody": 5,
    "damageValueLeggings": 3,
    "damageValueBoots": 1,
    "enchantability": 8,
    "toughness": 0.5,
    "equipSound": {
      "value": "item.armor.equip_iron"
    },
    "repairItems": [
      {
        "value": "Blocks.STONE#0"
      },
      {
        "value": "Blocks.COBBLESTONE"
      }
    ]
  }
}