{
  "_fv": 13,
  "_type": "achievement",
  "definition": {
    "achievementName": "Netherite Hoe",
    "achievementDescription": "Wow you made a netherite hoe but why?",
    "achievementIcon": {
      "value": "CUSTOM:Netheritehoe"
    },
    "background": "Default",
    "disableDisplay": false,
    "showPopup": true,
    "announceToChat": true,
    "hideIfNotCompleted": false,
    "rewardLoot": [],
    "rewardRecipes": [],
    "rewardFunction": "No function",
    "rewardXP": 20,
    "achievementType": "task",
    "parent": {
      "value": "CUSTOM:EmeraldStuff"
    },
    "triggerxml": "<xml xmlns=\"https://developers.google.com/blockly/xml\"><block type=\"item_in_inventory\" x=\"42\" y=\"10\"><value name=\"amount_l\"><block type=\"math_number\"><field name=\"NUM\">1</field></block></value><value name=\"amount_h\"><block type=\"math_number\"><field name=\"NUM\">1</field></block></value><value name=\"item\"><block type=\"mcitem_all\"><field name=\"value\">CUSTOM:Netheritehoe</field></block></value><next><block type=\"advancement_trigger\" deletable=\"false\"></block></next></block></xml>"
  }
}