{
  "group": "extraarmorold",
  "type": "minecraft:crafting_shaped",
  "pattern": [
    "012",
    "3 5"
  ],
  "key": {
    "0": {
      "item": "minecraft:dark_oak_planks"
    },
    "1": {
      "item": "minecraft:dark_oak_planks"
    },
    "2": {
      "item": "minecraft:dark_oak_planks"
    },
    "3": {
      "item": "minecraft:dark_oak_planks"
    },
    "5": {
      "item": "minecraft:dark_oak_planks"
    }
  },
  "result": {
    "item": "extraarmorold:darkoak_armor_helmet",
    "count": 1
  }
}