{
  "group": "extraarmorold",
  "type": "minecraft:crafting_shaped",
  "pattern": [
    "012",
    "345",
    "67 "
  ],
  "key": {
    "0": {
      "item": "extraarmorold:netheritescrap"
    },
    "1": {
      "item": "extraarmorold:netheritescrap"
    },
    "2": {
      "item": "extraarmorold:netheritescrap"
    },
    "3": {
      "item": "extraarmorold:netheritescrap"
    },
    "4": {
      "item": "minecraft:gold_ingot"
    },
    "5": {
      "item": "minecraft:gold_ingot"
    },
    "6": {
      "item": "minecraft:gold_ingot"
    },
    "7": {
      "item": "minecraft:gold_ingot"
    }
  },
  "result": {
    "item": "extraarmorold:netheriteingot",
    "count": 1
  }
}