{
  "display": {
    "background": "minecraft:textures/block/stone.png",
    "icon": {
      "item": "extraarmorold:emerald_armor_helmet"
    },
    "title": {
      "translate": "advancements.emerald_stuff.title"
    },
    "description": {
      "translate": "advancements.emerald_stuff.descr"
    },
    "frame": "task",
    "show_toast": true,
    "announce_to_chat": true,
    "hidden": false
  },
  "criteria": {
    "emerald_stuff": {
      "trigger": "minecraft:inventory_changed",
      "conditions": {
        "items": [
          {
            "item": "extraarmorold:emerald_armor_helmet",
            "count": {
              "min": 1,
              "max": 1
            }
          }
        ]
      }
    }
  },
  "rewards": {
    "experience": 2
  }
}