{
  "display": {
    "icon": {
      "item": "extraarmorold:emerald_armor_chestplate"
    },
    "title": {
      "translate": "advancements.emerald_chest_plate_advancement.title"
    },
    "description": {
      "translate": "advancements.emerald_chest_plate_advancement.descr"
    },
    "frame": "task",
    "show_toast": true,
    "announce_to_chat": true,
    "hidden": false
  },
  "criteria": {
    "emerald_chest_plate_advancement": {
      "trigger": "minecraft:inventory_changed",
      "conditions": {
        "items": [
          {
            "item": "extraarmorold:emerald_armor_chestplate",
            "count": {
              "min": 1,
              "max": 1
            }
          }
        ]
      }
    }
  },
  "rewards": {
    "experience": 1
  },
  "parent": "extraarmorold:emerald_stuff"
}