{
  "display": {
    "icon": {
      "item": "extraarmorold:netheritehoe"
    },
    "title": {
      "translate": "advancements.whyhoe.title"
    },
    "description": {
      "translate": "advancements.whyhoe.descr"
    },
    "frame": "task",
    "show_toast": true,
    "announce_to_chat": true,
    "hidden": false
  },
  "criteria": {
    "whyhoe": {
      "trigger": "minecraft:inventory_changed",
      "conditions": {
        "items": [
          {
            "item": "extraarmorold:netheritehoe",
            "count": {
              "min": 1,
              "max": 1
            }
          }
        ]
      }
    }
  },
  "rewards": {
    "experience": 20
  },
  "parent": "extraarmorold:emerald_stuff"
}